-- MySQL dump 10.13  Distrib 5.7.17, for Linux (x86_64)
--
-- Host: localhost    Database: wod-analyzer
-- ------------------------------------------------------
-- Server version	5.7.17-0ubuntu0.16.04.1

/*!40101 SET @OLD_CHARACTER_SET_CLIENT=@@CHARACTER_SET_CLIENT */;
/*!40101 SET @OLD_CHARACTER_SET_RESULTS=@@CHARACTER_SET_RESULTS */;
/*!40101 SET @OLD_COLLATION_CONNECTION=@@COLLATION_CONNECTION */;
/*!40101 SET NAMES utf8 */;
/*!40103 SET @OLD_TIME_ZONE=@@TIME_ZONE */;
/*!40103 SET TIME_ZONE='+00:00' */;
/*!40014 SET @OLD_UNIQUE_CHECKS=@@UNIQUE_CHECKS, UNIQUE_CHECKS=0 */;
/*!40014 SET @OLD_FOREIGN_KEY_CHECKS=@@FOREIGN_KEY_CHECKS, FOREIGN_KEY_CHECKS=0 */;
/*!40101 SET @OLD_SQL_MODE=@@SQL_MODE, SQL_MODE='NO_AUTO_VALUE_ON_ZERO' */;
/*!40111 SET @OLD_SQL_NOTES=@@SQL_NOTES, SQL_NOTES=0 */;

--
-- Table structure for table `genders`
--

DROP TABLE IF EXISTS `genders`;
/*!40101 SET @saved_cs_client     = @@character_set_client */;
/*!40101 SET character_set_client = utf8 */;
CREATE TABLE `genders` (
  `id` int(10) unsigned NOT NULL AUTO_INCREMENT,
  `name` varchar(255) COLLATE utf8mb4_unicode_ci NOT NULL,
  `created_at` timestamp NULL DEFAULT NULL,
  `updated_at` timestamp NULL DEFAULT NULL,
  `deleted_at` timestamp NULL DEFAULT NULL,
  PRIMARY KEY (`id`)
) ENGINE=InnoDB AUTO_INCREMENT=3 DEFAULT CHARSET=utf8mb4 COLLATE=utf8mb4_unicode_ci;
/*!40101 SET character_set_client = @saved_cs_client */;

--
-- Dumping data for table `genders`
--

LOCK TABLES `genders` WRITE;
/*!40000 ALTER TABLE `genders` DISABLE KEYS */;
INSERT INTO `genders` VALUES (1,'Male','2019-01-03 00:00:00',NULL,NULL),(2,'Female','2019-01-03 00:00:00',NULL,NULL);
/*!40000 ALTER TABLE `genders` ENABLE KEYS */;
UNLOCK TABLES;

--
-- Table structure for table `jobs`
--

DROP TABLE IF EXISTS `jobs`;
/*!40101 SET @saved_cs_client     = @@character_set_client */;
/*!40101 SET character_set_client = utf8 */;
CREATE TABLE `jobs` (
  `id` bigint(20) unsigned NOT NULL AUTO_INCREMENT,
  `queue` varchar(255) COLLATE utf8mb4_unicode_ci NOT NULL,
  `payload` longtext COLLATE utf8mb4_unicode_ci NOT NULL,
  `attempts` tinyint(3) unsigned NOT NULL,
  `reserved_at` int(10) unsigned DEFAULT NULL,
  `available_at` int(10) unsigned NOT NULL,
  `created_at` int(10) unsigned NOT NULL,
  PRIMARY KEY (`id`),
  KEY `jobs_queue_index` (`queue`)
) ENGINE=InnoDB DEFAULT CHARSET=utf8mb4 COLLATE=utf8mb4_unicode_ci;
/*!40101 SET character_set_client = @saved_cs_client */;

--
-- Dumping data for table `jobs`
--

LOCK TABLES `jobs` WRITE;
/*!40000 ALTER TABLE `jobs` DISABLE KEYS */;
/*!40000 ALTER TABLE `jobs` ENABLE KEYS */;
UNLOCK TABLES;

--
-- Table structure for table `measurements`
--

DROP TABLE IF EXISTS `measurements`;
/*!40101 SET @saved_cs_client     = @@character_set_client */;
/*!40101 SET character_set_client = utf8 */;
CREATE TABLE `measurements` (
  `id` int(10) unsigned NOT NULL AUTO_INCREMENT,
  `name` varchar(255) COLLATE utf8mb4_unicode_ci NOT NULL,
  `symbol` varchar(255) COLLATE utf8mb4_unicode_ci NOT NULL,
  `measurementtype_id` int(10) unsigned NOT NULL,
  `created_at` timestamp NULL DEFAULT NULL,
  `updated_at` timestamp NULL DEFAULT NULL,
  `deleted_at` timestamp NULL DEFAULT NULL,
  PRIMARY KEY (`id`),
  KEY `measurements_measurementtype_id_foreign` (`measurementtype_id`),
  CONSTRAINT `measurements_measurementtype_id_foreign` FOREIGN KEY (`measurementtype_id`) REFERENCES `measurementtypes` (`id`)
) ENGINE=InnoDB AUTO_INCREMENT=11 DEFAULT CHARSET=utf8mb4 COLLATE=utf8mb4_unicode_ci;
/*!40101 SET character_set_client = @saved_cs_client */;

--
-- Dumping data for table `measurements`
--

LOCK TABLES `measurements` WRITE;
/*!40000 ALTER TABLE `measurements` DISABLE KEYS */;
INSERT INTO `measurements` VALUES (1,'Meter','m',1,'2019-03-15 00:00:00',NULL,NULL),(2,'Centimeter','cm',1,'2019-03-15 00:00:00',NULL,NULL),(3,'Feet','ft',1,'2019-03-15 00:00:00',NULL,NULL),(4,'Kilometer','km',1,'2019-03-15 00:00:00',NULL,NULL),(5,'Pounds','lb',2,'2019-03-15 00:00:00',NULL,NULL),(6,'Kilograms','kg',2,'2019-03-15 00:00:00',NULL,NULL),(7,'Poods','poods',2,'2019-03-15 00:00:00',NULL,NULL),(8,'Cals','cals',3,'2019-03-15 00:00:00',NULL,NULL),(9,'Seconds','secs',4,'2019-03-15 00:00:00',NULL,NULL),(10,'Minutes','mins',4,'2019-03-15 00:00:00',NULL,NULL);
/*!40000 ALTER TABLE `measurements` ENABLE KEYS */;
UNLOCK TABLES;

--
-- Table structure for table `measurementtypes`
--

DROP TABLE IF EXISTS `measurementtypes`;
/*!40101 SET @saved_cs_client     = @@character_set_client */;
/*!40101 SET character_set_client = utf8 */;
CREATE TABLE `measurementtypes` (
  `id` int(10) unsigned NOT NULL AUTO_INCREMENT,
  `name` varchar(255) COLLATE utf8mb4_unicode_ci NOT NULL,
  `created_at` timestamp NULL DEFAULT NULL,
  `updated_at` timestamp NULL DEFAULT NULL,
  `deleted_at` timestamp NULL DEFAULT NULL,
  PRIMARY KEY (`id`)
) ENGINE=InnoDB AUTO_INCREMENT=5 DEFAULT CHARSET=utf8mb4 COLLATE=utf8mb4_unicode_ci;
/*!40101 SET character_set_client = @saved_cs_client */;

--
-- Dumping data for table `measurementtypes`
--

LOCK TABLES `measurementtypes` WRITE;
/*!40000 ALTER TABLE `measurementtypes` DISABLE KEYS */;
INSERT INTO `measurementtypes` VALUES (1,'Distance','2019-03-15 00:00:00',NULL,NULL),(2,'Weight','2019-03-15 00:00:00',NULL,NULL),(3,'Effort','2019-03-15 00:00:00',NULL,NULL),(4,'Time','2019-03-15 00:00:00',NULL,NULL);
/*!40000 ALTER TABLE `measurementtypes` ENABLE KEYS */;
UNLOCK TABLES;

--
-- Table structure for table `migrations`
--

DROP TABLE IF EXISTS `migrations`;
/*!40101 SET @saved_cs_client     = @@character_set_client */;
/*!40101 SET character_set_client = utf8 */;
CREATE TABLE `migrations` (
  `id` int(10) unsigned NOT NULL AUTO_INCREMENT,
  `migration` varchar(255) COLLATE utf8mb4_unicode_ci NOT NULL,
  `batch` int(11) NOT NULL,
  PRIMARY KEY (`id`)
) ENGINE=InnoDB AUTO_INCREMENT=25 DEFAULT CHARSET=utf8mb4 COLLATE=utf8mb4_unicode_ci;
/*!40101 SET character_set_client = @saved_cs_client */;

--
-- Dumping data for table `migrations`
--

LOCK TABLES `migrations` WRITE;
/*!40000 ALTER TABLE `migrations` DISABLE KEYS */;
INSERT INTO `migrations` VALUES (11,'2018_10_19_172652_create_genders_table',1),(12,'2018_10_19_173009_create_users_table',1),(13,'2018_10_19_173321_create_measurementtypes_table',1),(14,'2018_10_19_173435_create_measurements_table',1),(15,'2018_10_19_173601_create_movements_table',1),(16,'2018_10_19_173712_create_wods_table',1),(17,'2018_10_19_174121_create_movements_wods_table',1),(18,'2018_10_19_174342_create_users_wods_table',1),(19,'2018_10_19_174539_create_scores_table',1),(20,'2018_11_28_220407_create_jobs_table',1),(22,'2019_02_05_011756_alter_users_wods_table',2),(23,'2019_01_03_204426_alter_movements_wods_table',3),(24,'2019_04_12_000456_changes_reps_to_nullable',4);
/*!40000 ALTER TABLE `migrations` ENABLE KEYS */;
UNLOCK TABLES;

--
-- Table structure for table `movements`
--

DROP TABLE IF EXISTS `movements`;
/*!40101 SET @saved_cs_client     = @@character_set_client */;
/*!40101 SET character_set_client = utf8 */;
CREATE TABLE `movements` (
  `id` int(10) unsigned NOT NULL AUTO_INCREMENT,
  `name` varchar(255) COLLATE utf8mb4_unicode_ci NOT NULL,
  `model` varchar(255) COLLATE utf8mb4_unicode_ci DEFAULT NULL,
  `created_at` timestamp NULL DEFAULT NULL,
  `updated_at` timestamp NULL DEFAULT NULL,
  `deleted_at` timestamp NULL DEFAULT NULL,
  PRIMARY KEY (`id`)
) ENGINE=InnoDB AUTO_INCREMENT=51 DEFAULT CHARSET=utf8mb4 COLLATE=utf8mb4_unicode_ci;
/*!40101 SET character_set_client = @saved_cs_client */;

--
-- Dumping data for table `movements`
--

LOCK TABLES `movements` WRITE;
/*!40000 ALTER TABLE `movements` DISABLE KEYS */;
INSERT INTO `movements` VALUES (1,'Squat',NULL,'2019-03-15 00:00:00',NULL,NULL),(2,'Pull Up',NULL,'2019-03-15 00:00:00',NULL,NULL),(3,'Push Up',NULL,'2019-03-15 00:00:00',NULL,NULL),(4,'Clean',NULL,'2019-03-15 00:00:00',NULL,NULL),(5,'Jerk',NULL,'2019-03-15 00:00:00',NULL,NULL),(6,'Clean & Jerk',NULL,'2019-03-15 00:00:00',NULL,NULL),(7,'Snatch',NULL,'2019-03-15 00:00:00',NULL,NULL),(8,'Power Clean',NULL,'2019-03-15 00:00:00',NULL,NULL),(9,'Power Snatch',NULL,'2019-03-15 00:00:00',NULL,NULL),(10,'Squat Snatch',NULL,'2019-03-15 00:00:00',NULL,NULL),(11,'Squat Clean',NULL,'2019-03-15 00:00:00',NULL,NULL),(12,'Squat Clean & Jerk',NULL,'2019-03-15 00:00:00',NULL,NULL),(13,'Power Clean & Jerk',NULL,'2019-03-15 00:00:00',NULL,NULL),(14,'Wall Ball Shots',NULL,'2019-03-15 00:00:00',NULL,NULL),(15,'Rope Climb',NULL,'2019-03-15 00:00:00',NULL,NULL),(16,'Deadlift',NULL,'2019-03-15 00:00:00',NULL,NULL),(17,'Run',NULL,'2019-03-15 00:00:00',NULL,NULL),(18,'Row',NULL,'2019-03-15 00:00:00',NULL,NULL),(19,'Air Bike',NULL,'2019-03-15 00:00:00',NULL,NULL),(20,'Ring Muscle Up',NULL,'2019-03-15 00:00:00',NULL,NULL),(21,'Bar Muscle Up',NULL,'2019-03-15 00:00:00',NULL,NULL),(22,'Hang Clean',NULL,'2019-03-15 00:00:00',NULL,NULL),(23,'Hang Squat Clean',NULL,'2019-03-15 00:00:00',NULL,NULL),(24,'Hang Power Clean',NULL,'2019-03-15 00:00:00',NULL,NULL),(25,'Hang Snatch',NULL,'2019-03-15 00:00:00',NULL,NULL),(26,'Hang Power Snatch',NULL,'2019-03-15 00:00:00',NULL,NULL),(27,'Hang Squat Snatch',NULL,'2019-03-15 00:00:00',NULL,NULL),(28,'Hang Clean & Jerk',NULL,'2019-03-15 00:00:00',NULL,NULL),(29,'Hang Squat Clean & Jerk',NULL,'2019-03-15 00:00:00',NULL,NULL),(30,'Hang Power Clean & Jerk',NULL,'2019-03-15 00:00:00',NULL,NULL),(31,'Push Press',NULL,'2019-03-15 00:00:00',NULL,NULL),(32,'Shoulder Press',NULL,'2019-03-15 00:00:00',NULL,NULL),(33,'Push Jerk',NULL,'2019-03-15 00:00:00',NULL,NULL),(34,'Split Jerk',NULL,'2019-03-15 00:00:00',NULL,NULL),(35,'Chest-to-bar Pull up',NULL,'2019-03-15 00:00:00',NULL,NULL),(36,'Bar Facing Burpee',NULL,'2019-03-15 00:00:00',NULL,NULL),(37,'Front Squat',NULL,'2019-03-15 00:00:00',NULL,NULL),(38,'DB Front Squat',NULL,'2019-03-15 00:00:00',NULL,NULL),(39,'Row Calorie',NULL,'2019-03-15 00:00:00',NULL,NULL),(40,'Handstand Push up',NULL,'2019-03-15 00:00:00',NULL,NULL),(41,'Double Under',NULL,'2019-03-15 00:00:00',NULL,NULL),(42,'Single Under',NULL,'2019-03-15 00:00:00',NULL,NULL),(43,'Toes-to-bar',NULL,'2019-03-15 00:00:00',NULL,NULL),(44,'DB Snatch',NULL,'2019-03-15 00:00:00',NULL,NULL),(45,'Burpee Box Jump Over',NULL,'2019-03-15 00:00:00',NULL,NULL),(46,'Strict Handstand Push-up',NULL,'2019-03-15 00:00:00',NULL,NULL),(47,'Handstand Walk',NULL,'2019-03-15 00:00:00',NULL,NULL),(48,'DB Single Arm Overhead Walking Lunge',NULL,'2019-03-15 00:00:00',NULL,NULL),(49,'Single DB Step Up',NULL,'2019-03-15 00:00:00',NULL,NULL),(50,'Rest',NULL,'2019-03-15 00:00:00',NULL,NULL);
/*!40000 ALTER TABLE `movements` ENABLE KEYS */;
UNLOCK TABLES;

--
-- Table structure for table `movements_wods`
--

DROP TABLE IF EXISTS `movements_wods`;
/*!40101 SET @saved_cs_client     = @@character_set_client */;
/*!40101 SET character_set_client = utf8 */;
CREATE TABLE `movements_wods` (
  `id` int(10) unsigned NOT NULL AUTO_INCREMENT,
  `movement_id` int(10) unsigned NOT NULL,
  `wod_id` int(10) unsigned NOT NULL,
  `reps` int(11) DEFAULT NULL,
  `men_measurement_value` double DEFAULT NULL,
  `women_measurement_value` double DEFAULT NULL,
  `created_at` timestamp NULL DEFAULT NULL,
  `updated_at` timestamp NULL DEFAULT NULL,
  `deleted_at` timestamp NULL DEFAULT NULL,
  `men_measurement_id` int(10) unsigned DEFAULT NULL,
  `women_measurement_id` int(10) unsigned DEFAULT NULL,
  PRIMARY KEY (`id`),
  KEY `movements_wods_movement_id_foreign` (`movement_id`),
  KEY `movements_wods_wod_id_foreign` (`wod_id`),
  KEY `movements_wods_men_measurement_id_foreign` (`men_measurement_id`),
  KEY `movements_wods_women_measurement_id_foreign` (`women_measurement_id`),
  CONSTRAINT `movements_wods_men_measurement_id_foreign` FOREIGN KEY (`men_measurement_id`) REFERENCES `measurements` (`id`),
  CONSTRAINT `movements_wods_movement_id_foreign` FOREIGN KEY (`movement_id`) REFERENCES `movements` (`id`),
  CONSTRAINT `movements_wods_wod_id_foreign` FOREIGN KEY (`wod_id`) REFERENCES `wods` (`id`),
  CONSTRAINT `movements_wods_women_measurement_id_foreign` FOREIGN KEY (`women_measurement_id`) REFERENCES `measurements` (`id`)
) ENGINE=InnoDB AUTO_INCREMENT=158 DEFAULT CHARSET=utf8mb4 COLLATE=utf8mb4_unicode_ci;
/*!40101 SET character_set_client = @saved_cs_client */;

--
-- Dumping data for table `movements_wods`
--

LOCK TABLES `movements_wods` WRITE;
/*!40000 ALTER TABLE `movements_wods` DISABLE KEYS */;
INSERT INTO `movements_wods` VALUES (1,2,1,5,NULL,NULL,'2019-01-03 00:00:00',NULL,NULL,NULL,NULL),(2,3,1,10,NULL,NULL,'2019-01-03 00:00:00',NULL,NULL,NULL,NULL),(3,1,1,15,NULL,NULL,'2019-01-03 00:00:00',NULL,NULL,NULL,NULL),(4,6,2,30,135,95,'2019-01-03 00:00:00','2019-02-19 02:18:23','2019-02-19 02:18:23',5,5),(35,16,13,12,135,75,'2019-01-11 03:33:19','2019-01-11 03:33:19',NULL,5,5),(36,24,13,9,135,75,'2019-01-11 03:33:19','2019-01-11 03:33:19',NULL,5,5),(37,33,13,6,135,75,'2019-01-11 03:33:19','2019-01-11 03:33:19',NULL,5,5),(38,35,16,10,NULL,NULL,'2019-02-08 20:48:18','2019-02-08 20:48:18',NULL,NULL,NULL),(39,36,16,10,165,NULL,'2019-02-08 20:48:18','2019-02-08 20:48:18',NULL,5,NULL),(40,37,16,10,NULL,NULL,'2019-02-08 20:48:18','2019-02-08 20:48:18',NULL,NULL,NULL),(41,37,17,25,NULL,NULL,'2019-02-08 21:12:00','2019-02-08 21:12:00',NULL,NULL,NULL),(42,10,17,25,115,75,'2019-02-08 21:12:00','2019-02-08 21:12:00',NULL,5,5),(43,37,17,25,NULL,NULL,'2019-02-08 21:12:00','2019-02-08 21:12:00',NULL,NULL,NULL),(45,7,18,30,185,125,'2019-02-16 00:40:05','2019-02-16 03:05:04','2019-02-16 03:05:04',5,5),(46,7,18,30,165,125,'2019-02-16 03:05:04','2019-02-16 03:06:20','2019-02-16 03:06:20',5,5),(47,6,18,30,165,125,'2019-02-16 03:06:20','2019-02-16 03:06:51','2019-02-16 03:06:51',5,5),(48,7,18,30,175,125,'2019-02-16 03:06:51','2019-02-16 03:07:22','2019-02-16 03:07:22',5,5),(49,7,18,30,175,125,'2019-02-16 03:07:22','2019-02-16 03:07:37','2019-02-16 03:07:37',5,5),(50,7,18,30,175,125,'2019-02-16 03:07:37','2019-02-16 03:07:50','2019-02-16 03:07:50',5,5),(51,7,18,30,175,125,'2019-02-16 03:07:50','2019-02-18 19:56:29','2019-02-18 19:56:29',5,5),(52,7,18,30,175,125,'2019-02-18 19:56:29','2019-02-19 01:29:58','2019-02-19 01:29:58',5,5),(53,6,19,30,NULL,95,'2019-02-18 21:36:26','2019-02-18 21:36:26',NULL,NULL,5),(54,7,18,30,175,125,'2019-02-19 01:29:58','2019-02-19 01:33:01','2019-02-19 01:33:01',5,5),(55,7,18,30,175,125,'2019-02-19 01:33:01','2019-02-19 01:43:28','2019-02-19 01:43:28',5,5),(56,7,18,30,175,125,'2019-02-19 01:43:28','2019-02-19 01:44:23','2019-02-19 01:44:23',5,5),(57,7,18,30,175,125,'2019-02-19 01:44:23','2019-02-19 01:44:47','2019-02-19 01:44:47',5,5),(58,7,18,30,175,125,'2019-02-19 01:44:47','2019-02-19 01:45:24','2019-02-19 01:45:24',5,5),(59,7,18,30,175,125,'2019-02-19 01:45:24','2019-02-19 01:47:41','2019-02-19 01:47:41',5,5),(60,7,18,30,175,125,'2019-02-19 01:47:41','2019-02-19 01:48:40','2019-02-19 01:48:40',5,5),(61,7,18,35,185,135,'2019-02-19 01:48:40','2019-02-19 01:49:41','2019-02-19 01:49:41',5,5),(62,7,18,30,185,135,'2019-02-19 01:49:41','2019-02-19 01:49:41',NULL,5,5),(63,6,2,30,135,95,'2019-02-19 02:18:23','2019-02-19 02:20:13','2019-02-19 02:20:13',5,5),(64,6,2,30,135,95,'2019-02-19 02:20:13','2019-02-19 02:20:42','2019-02-19 02:20:42',5,5),(65,6,2,30,135,95,'2019-02-19 02:20:42','2019-02-19 02:20:42',NULL,5,5),(66,14,20,75,24,10,'2019-02-19 02:38:56','2019-02-19 02:44:16','2019-02-19 02:44:16',5,3),(67,39,20,35,NULL,NULL,'2019-02-19 02:38:56','2019-02-19 02:44:16','2019-02-19 02:44:16',NULL,NULL),(68,35,20,6,NULL,NULL,'2019-02-19 02:38:56','2019-02-19 02:44:16','2019-02-19 02:44:16',NULL,NULL),(69,40,20,6,NULL,NULL,'2019-02-19 02:38:56','2019-02-19 02:44:16','2019-02-19 02:44:16',NULL,NULL),(70,38,20,6,45,NULL,'2019-02-19 02:38:57','2019-02-19 02:44:16','2019-02-19 02:44:16',5,NULL),(71,35,20,9,NULL,NULL,'2019-02-19 02:38:57','2019-02-19 02:44:16','2019-02-19 02:44:16',NULL,NULL),(72,40,20,9,NULL,NULL,'2019-02-19 02:38:57','2019-02-19 02:44:16','2019-02-19 02:44:16',NULL,NULL),(73,38,20,9,45,NULL,'2019-02-19 02:38:57','2019-02-19 02:44:16','2019-02-19 02:44:16',5,NULL),(74,35,20,12,NULL,NULL,'2019-02-19 02:38:57','2019-02-19 02:44:16','2019-02-19 02:44:16',NULL,NULL),(75,40,20,12,NULL,NULL,'2019-02-19 02:38:57','2019-02-19 02:44:16','2019-02-19 02:44:16',NULL,NULL),(76,38,20,12,45,NULL,'2019-02-19 02:38:57','2019-02-19 02:44:16','2019-02-19 02:44:16',5,NULL),(77,35,20,15,NULL,NULL,'2019-02-19 02:38:57','2019-02-19 02:44:16','2019-02-19 02:44:16',NULL,NULL),(78,40,20,15,NULL,NULL,'2019-02-19 02:38:57','2019-02-19 02:44:16','2019-02-19 02:44:16',NULL,NULL),(79,38,20,15,45,NULL,'2019-02-19 02:38:57','2019-02-19 02:44:16','2019-02-19 02:44:16',5,NULL),(80,14,20,75,24,NULL,'2019-02-19 02:44:16','2019-02-19 02:44:16',NULL,5,NULL),(81,39,20,35,NULL,NULL,'2019-02-19 02:44:16','2019-02-19 02:44:16',NULL,NULL,NULL),(82,35,20,6,NULL,NULL,'2019-02-19 02:44:16','2019-02-19 02:44:16',NULL,NULL,NULL),(83,40,20,6,NULL,NULL,'2019-02-19 02:44:16','2019-02-19 02:44:16',NULL,NULL,NULL),(84,38,20,6,45,NULL,'2019-02-19 02:44:16','2019-02-19 02:44:16',NULL,5,NULL),(85,35,20,9,NULL,NULL,'2019-02-19 02:44:16','2019-02-19 02:44:16',NULL,NULL,NULL),(86,40,20,9,NULL,NULL,'2019-02-19 02:44:16','2019-02-19 02:44:16',NULL,NULL,NULL),(87,38,20,9,45,NULL,'2019-02-19 02:44:16','2019-02-19 02:44:16',NULL,5,NULL),(88,35,20,12,NULL,NULL,'2019-02-19 02:44:16','2019-02-19 02:44:16',NULL,NULL,NULL),(89,40,20,12,NULL,NULL,'2019-02-19 02:44:16','2019-02-19 02:44:16',NULL,NULL,NULL),(90,38,20,12,45,NULL,'2019-02-19 02:44:16','2019-02-19 02:44:16',NULL,5,NULL),(91,35,20,15,NULL,NULL,'2019-02-19 02:44:16','2019-02-19 02:44:16',NULL,NULL,NULL),(92,40,20,15,NULL,NULL,'2019-02-19 02:44:16','2019-02-19 02:44:16',NULL,NULL,NULL),(93,38,20,15,45,NULL,'2019-02-19 02:44:16','2019-02-19 02:44:16',NULL,5,NULL),(95,6,22,30,135,95,'2019-02-19 23:10:13','2019-02-19 23:10:13',NULL,5,5),(96,17,22,1,1600,NULL,'2019-02-19 23:10:13','2019-02-19 23:10:13',NULL,1,NULL),(97,41,23,40,NULL,NULL,'2019-02-19 23:38:09','2019-02-19 23:38:09',NULL,NULL,NULL),(98,8,23,5,155,NULL,'2019-02-19 23:38:09','2019-02-19 23:38:09',NULL,5,NULL),(99,36,23,7,NULL,NULL,'2019-02-19 23:38:09','2019-02-19 23:38:09',NULL,NULL,NULL),(100,14,24,19,20,NULL,'2019-02-24 02:56:16','2019-02-24 02:56:16',NULL,5,NULL),(101,39,24,19,NULL,NULL,'2019-02-24 02:56:16','2019-02-24 02:56:16',NULL,NULL,NULL),(102,14,25,19,20,NULL,'2019-02-24 03:01:56','2019-02-24 03:43:36','2019-02-24 03:43:36',5,NULL),(103,39,25,19,NULL,NULL,'2019-02-24 03:01:56','2019-02-24 03:43:36','2019-02-24 03:43:36',NULL,NULL),(104,14,25,19,20,NULL,'2019-02-24 03:43:36','2019-02-24 03:44:00','2019-02-24 03:44:00',5,NULL),(105,39,25,19,NULL,NULL,'2019-02-24 03:43:36','2019-02-24 03:44:00','2019-02-24 03:44:00',NULL,NULL),(106,14,25,19,20,NULL,'2019-02-24 03:44:00','2019-02-24 03:49:28','2019-02-24 03:49:28',5,NULL),(107,39,25,19,NULL,NULL,'2019-02-24 03:44:00','2019-02-24 03:49:28','2019-02-24 03:49:28',NULL,NULL),(108,14,25,19,20,NULL,'2019-02-24 03:49:28','2019-02-24 03:49:49','2019-02-24 03:49:49',5,NULL),(109,39,25,19,NULL,NULL,'2019-02-24 03:49:28','2019-02-24 03:49:49','2019-02-24 03:49:49',NULL,NULL),(110,14,25,19,20,NULL,'2019-02-24 03:49:49','2019-02-24 03:50:54','2019-02-24 03:50:54',5,NULL),(111,39,25,19,NULL,NULL,'2019-02-24 03:49:49','2019-02-24 03:50:54','2019-02-24 03:50:54',NULL,NULL),(112,14,25,19,20,NULL,'2019-02-24 03:50:54','2019-02-24 03:53:58','2019-02-24 03:53:58',5,NULL),(113,39,25,19,NULL,NULL,'2019-02-24 03:50:54','2019-02-24 03:53:58','2019-02-24 03:53:58',NULL,NULL),(114,14,25,19,20,NULL,'2019-02-24 03:53:58','2019-02-24 04:16:05','2019-02-24 04:16:05',5,NULL),(115,39,25,19,NULL,NULL,'2019-02-24 03:53:58','2019-02-24 04:16:05','2019-02-24 04:16:05',NULL,NULL),(116,14,25,19,20,NULL,'2019-02-24 04:16:05','2019-02-24 04:16:05',NULL,5,NULL),(117,39,25,19,NULL,NULL,'2019-02-24 04:16:05','2019-02-24 04:16:05',NULL,NULL,NULL),(118,16,26,9,225,NULL,'2019-02-26 21:08:48','2019-02-26 21:08:48',NULL,5,NULL),(119,36,26,12,NULL,NULL,'2019-02-26 21:08:48','2019-02-26 21:08:48',NULL,NULL,NULL),(120,39,26,21,NULL,NULL,'2019-02-26 21:08:48','2019-02-26 21:08:48',NULL,NULL,NULL),(121,43,27,25,NULL,NULL,'2019-03-04 15:17:40','2019-03-04 15:18:44','2019-03-04 15:18:44',NULL,NULL),(122,41,27,50,NULL,NULL,'2019-03-04 15:17:40','2019-03-04 15:18:44','2019-03-04 15:18:44',NULL,NULL),(123,11,27,15,135,NULL,'2019-03-04 15:17:40','2019-03-04 15:18:44','2019-03-04 15:18:44',5,NULL),(124,43,27,25,NULL,NULL,'2019-03-04 15:17:40','2019-03-04 15:18:44','2019-03-04 15:18:44',NULL,NULL),(125,41,27,50,NULL,NULL,'2019-03-04 15:17:40','2019-03-04 15:18:44','2019-03-04 15:18:44',NULL,NULL),(126,11,27,13,185,NULL,'2019-03-04 15:17:40','2019-03-04 15:18:44','2019-03-04 15:18:44',5,NULL),(127,43,27,25,NULL,NULL,'2019-03-04 15:17:40','2019-03-04 15:18:44','2019-03-04 15:18:44',NULL,NULL),(128,41,27,50,NULL,NULL,'2019-03-04 15:17:40','2019-03-04 15:18:44','2019-03-04 15:18:44',NULL,NULL),(129,11,27,11,225,NULL,'2019-03-04 15:17:40','2019-03-04 15:18:44','2019-03-04 15:18:44',5,NULL),(130,43,27,25,NULL,NULL,'2019-03-04 15:18:44','2019-03-04 15:18:44',NULL,NULL,NULL),(131,41,27,50,NULL,NULL,'2019-03-04 15:18:44','2019-03-04 15:18:44',NULL,NULL,NULL),(132,11,27,15,135,NULL,'2019-03-04 15:18:44','2019-03-04 15:18:44',NULL,5,NULL),(133,43,27,25,NULL,NULL,'2019-03-04 15:18:44','2019-03-04 15:18:44',NULL,NULL,NULL),(134,41,27,50,NULL,NULL,'2019-03-04 15:18:44','2019-03-04 15:18:44',NULL,NULL,NULL),(135,11,27,13,185,NULL,'2019-03-04 15:18:44','2019-03-04 15:18:44',NULL,5,NULL),(136,43,27,25,NULL,NULL,'2019-03-04 15:18:44','2019-03-04 15:18:44',NULL,NULL,NULL),(137,41,27,50,NULL,NULL,'2019-03-04 15:18:44','2019-03-04 15:18:44',NULL,NULL,NULL),(138,11,27,11,225,NULL,'2019-03-04 15:18:44','2019-03-04 15:18:44',NULL,5,NULL),(139,41,28,30,NULL,NULL,'2019-03-05 19:26:56','2019-03-05 19:26:56',NULL,NULL,NULL),(140,39,28,30,NULL,NULL,'2019-03-05 19:26:56','2019-03-05 19:26:56',NULL,NULL,NULL),(141,41,28,30,NULL,NULL,'2019-03-05 19:26:56','2019-03-05 19:26:56',NULL,NULL,NULL),(142,44,28,20,45,NULL,'2019-03-05 19:26:56','2019-03-05 19:26:56',NULL,5,NULL),(143,41,28,30,NULL,NULL,'2019-03-05 19:26:56','2019-03-05 19:26:56',NULL,NULL,NULL),(144,45,28,10,NULL,NULL,'2019-03-05 19:26:56','2019-03-05 19:26:56',NULL,NULL,NULL),(145,48,29,1,200,50,'2019-03-11 14:54:13','2019-03-27 00:02:28','2019-03-27 00:02:28',3,5),(146,49,29,50,50,60,'2019-03-11 14:54:13','2019-03-27 00:02:28','2019-03-27 00:02:28',5,2),(147,46,29,50,NULL,NULL,'2019-03-11 14:54:13','2019-03-27 00:02:28','2019-03-27 00:02:28',NULL,NULL),(148,47,29,1,200,NULL,'2019-03-11 14:54:13','2019-03-27 00:02:28','2019-03-27 00:02:28',3,NULL),(149,48,29,1,200,50,'2019-03-27 00:02:28','2019-03-27 00:02:28',NULL,3,5),(150,49,29,50,50,60,'2019-03-27 00:02:28','2019-03-27 00:02:28',NULL,5,2),(151,46,29,50,NULL,NULL,'2019-03-27 00:02:28','2019-03-27 00:02:28',NULL,NULL,NULL),(152,47,29,1,200,NULL,'2019-03-27 00:02:28','2019-03-27 00:02:28',NULL,3,NULL),(153,1,30,1,1,NULL,'2019-04-11 23:56:55','2019-04-11 23:57:35','2019-04-11 23:57:35',10,NULL),(154,1,30,1,1,NULL,'2019-04-11 23:57:35','2019-04-12 00:07:47','2019-04-12 00:07:47',10,NULL),(155,1,30,NULL,1,NULL,'2019-04-12 00:07:47','2019-04-12 00:07:47',NULL,10,NULL),(156,6,31,32,NULL,NULL,'2019-04-12 00:10:01','2019-04-12 00:10:01',NULL,NULL,NULL),(157,23,32,NULL,NULL,NULL,'2019-04-12 00:11:13','2019-04-12 00:11:13',NULL,NULL,NULL);
/*!40000 ALTER TABLE `movements_wods` ENABLE KEYS */;
UNLOCK TABLES;

--
-- Table structure for table `scores`
--

DROP TABLE IF EXISTS `scores`;
/*!40101 SET @saved_cs_client     = @@character_set_client */;
/*!40101 SET character_set_client = utf8 */;
CREATE TABLE `scores` (
  `id` int(10) unsigned NOT NULL AUTO_INCREMENT,
  `users_wods_id` int(10) unsigned NOT NULL,
  `wod_part` int(11) NOT NULL,
  `score` double DEFAULT NULL,
  `created_at` timestamp NULL DEFAULT NULL,
  `updated_at` timestamp NULL DEFAULT NULL,
  `deleted_at` timestamp NULL DEFAULT NULL,
  PRIMARY KEY (`id`),
  KEY `scores_users_wods_id_foreign` (`users_wods_id`),
  CONSTRAINT `scores_users_wods_id_foreign` FOREIGN KEY (`users_wods_id`) REFERENCES `users_wods` (`id`)
) ENGINE=InnoDB AUTO_INCREMENT=329 DEFAULT CHARSET=utf8mb4 COLLATE=utf8mb4_unicode_ci;
/*!40101 SET character_set_client = @saved_cs_client */;

--
-- Dumping data for table `scores`
--

LOCK TABLES `scores` WRITE;
/*!40000 ALTER TABLE `scores` DISABLE KEYS */;
INSERT INTO `scores` VALUES (1,2,1,276,'2019-01-03 00:00:00',NULL,NULL),(2,3,1,245,'2019-01-03 00:00:00',NULL,NULL),(3,1,1,30,'2019-01-03 00:00:00',NULL,NULL),(4,1,2,30,'2019-01-03 00:00:00',NULL,NULL),(5,1,3,30,'2019-01-03 00:00:00',NULL,NULL),(6,1,4,30,'2019-01-03 00:00:00',NULL,NULL),(7,1,5,30,'2019-01-03 00:00:00',NULL,NULL),(8,1,6,30,'2019-01-03 00:00:00',NULL,NULL),(9,1,7,30,'2019-01-03 00:00:00',NULL,NULL),(10,1,8,30,'2019-01-03 00:00:00',NULL,NULL),(11,1,9,30,'2019-01-03 00:00:00',NULL,NULL),(12,1,10,30,'2019-01-03 00:00:00',NULL,NULL),(13,1,11,30,'2019-01-03 00:00:00',NULL,NULL),(14,1,12,30,'2019-01-03 00:00:00',NULL,NULL),(15,1,13,30,'2019-01-03 00:00:00',NULL,NULL),(16,1,14,30,'2019-01-03 00:00:00',NULL,NULL),(17,1,15,30,'2019-01-03 00:00:00',NULL,NULL),(18,1,16,30,'2019-01-03 00:00:00',NULL,NULL),(19,1,17,30,'2019-01-03 00:00:00',NULL,NULL),(20,1,18,30,'2019-01-03 00:00:00',NULL,NULL),(21,1,19,30,'2019-01-03 00:00:00',NULL,NULL),(22,1,20,17,'2019-01-03 00:00:00',NULL,NULL),(26,8,1,180,'2019-01-04 23:01:07','2019-02-19 02:18:23','2019-02-19 02:18:23'),(32,10,1,100,'2019-01-11 03:33:19','2019-01-11 03:33:19',NULL),(33,10,2,120,'2019-01-11 03:33:19','2019-01-11 03:33:19',NULL),(34,10,3,140,'2019-01-11 03:33:19','2019-01-11 03:33:19',NULL),(35,10,4,170,'2019-01-11 03:33:19','2019-01-11 03:33:19',NULL),(36,10,5,198,'2019-01-11 03:33:19','2019-01-11 03:33:19',NULL),(42,12,1,90,'2019-01-22 15:18:01','2019-01-22 15:18:01',NULL),(43,12,2,100,'2019-01-22 15:18:01','2019-01-22 15:18:01',NULL),(44,12,3,110,'2019-01-22 15:18:01','2019-01-22 15:18:01',NULL),(45,12,4,125,'2019-01-22 15:18:01','2019-01-22 15:18:01',NULL),(46,12,5,140,'2019-01-22 15:18:01','2019-01-22 15:18:01',NULL),(47,13,1,90,'2019-01-29 15:14:16','2019-01-29 15:14:16',NULL),(48,13,2,100,'2019-01-29 15:14:16','2019-01-29 15:14:16',NULL),(49,13,3,110,'2019-01-29 15:14:16','2019-01-29 15:14:16',NULL),(50,13,4,125,'2019-01-29 15:14:16','2019-01-29 15:14:16',NULL),(51,13,5,140,'2019-01-29 15:14:16','2019-01-29 15:14:16',NULL),(52,14,1,90,'2019-01-29 15:19:01','2019-01-29 15:19:01',NULL),(53,14,2,100,'2019-01-29 15:19:01','2019-01-29 15:19:01',NULL),(54,14,3,110,'2019-01-29 15:19:01','2019-01-29 15:19:01',NULL),(55,14,4,125,'2019-01-29 15:19:01','2019-01-29 15:19:01',NULL),(56,14,5,140,'2019-01-29 15:19:01','2019-01-29 15:19:01',NULL),(57,15,1,90,'2019-01-29 15:20:04','2019-01-29 15:20:04',NULL),(58,15,2,100,'2019-01-29 15:20:04','2019-01-29 15:20:04',NULL),(59,15,3,110,'2019-01-29 15:20:04','2019-01-29 15:20:04',NULL),(60,15,4,125,'2019-01-29 15:20:04','2019-01-29 15:20:04',NULL),(61,15,5,140,'2019-01-29 15:20:04','2019-01-29 15:20:04',NULL),(62,16,1,90,'2019-01-29 20:14:19','2019-01-29 20:14:19',NULL),(63,16,2,100,'2019-01-29 20:14:19','2019-01-29 20:14:19',NULL),(64,16,3,110,'2019-01-29 20:14:19','2019-01-29 20:14:19',NULL),(65,16,4,125,'2019-01-29 20:14:19','2019-01-29 20:14:19',NULL),(66,16,5,140,'2019-01-29 20:14:19','2019-01-29 20:14:19',NULL),(67,17,1,90,'2019-01-29 20:30:40','2019-01-29 20:30:40',NULL),(68,17,2,100,'2019-01-29 20:30:40','2019-01-29 20:30:40',NULL),(69,17,3,110,'2019-01-29 20:30:40','2019-01-29 20:30:40',NULL),(70,17,4,125,'2019-01-29 20:30:40','2019-01-29 20:30:40',NULL),(71,17,5,140,'2019-01-29 20:30:40','2019-01-29 20:30:40',NULL),(72,18,1,160,'2019-02-05 01:40:25','2019-02-05 01:40:25',NULL),(73,18,2,150,'2019-02-05 01:40:25','2019-02-05 01:40:25',NULL),(74,18,3,150,'2019-02-05 01:40:25','2019-02-05 01:40:25',NULL),(75,18,4,140,'2019-02-05 01:40:25','2019-02-05 01:40:25',NULL),(76,19,1,100,'2019-02-05 02:17:05','2019-02-05 02:17:05',NULL),(77,19,2,120,'2019-02-05 02:17:05','2019-02-05 02:17:05',NULL),(78,19,3,150,'2019-02-05 02:17:05','2019-02-05 02:17:05',NULL),(79,19,4,160,'2019-02-05 02:17:05','2019-02-05 02:17:05',NULL),(80,19,5,180,'2019-02-05 02:17:05','2019-02-05 02:17:05',NULL),(81,20,1,94,'2019-02-08 20:48:18','2019-02-08 20:48:18',NULL),(82,20,2,127,'2019-02-08 20:48:18','2019-02-08 20:48:18',NULL),(83,20,3,160,'2019-02-08 20:48:18','2019-02-08 20:48:18',NULL),(84,21,1,109,'2019-02-08 21:12:00','2019-02-08 21:12:00',NULL),(85,21,2,229,'2019-02-08 21:12:00','2019-02-08 21:12:00',NULL),(86,21,3,126,'2019-02-08 21:12:00','2019-02-08 21:12:00',NULL),(87,22,1,45,'2019-02-11 00:10:17','2019-02-16 03:05:04','2019-02-16 03:05:04'),(88,22,2,60,'2019-02-11 00:10:17','2019-02-16 03:05:04','2019-02-16 03:05:04'),(89,22,3,65,'2019-02-11 00:10:17','2019-02-16 03:05:04','2019-02-16 03:05:04'),(90,22,4,73,'2019-02-11 00:10:17','2019-02-16 03:05:04','2019-02-16 03:05:04'),(91,22,5,88,'2019-02-11 00:10:17','2019-02-16 03:05:04','2019-02-16 03:05:04'),(92,22,6,80,'2019-02-11 00:10:17','2019-02-16 03:05:04','2019-02-16 03:05:04'),(93,23,1,30,'2019-02-16 00:25:32','2019-02-16 00:25:32',NULL),(94,23,2,30,'2019-02-16 00:25:32','2019-02-16 00:25:32',NULL),(95,23,3,30,'2019-02-16 00:25:32','2019-02-16 00:25:32',NULL),(96,23,4,30,'2019-02-16 00:25:32','2019-02-16 00:25:32',NULL),(97,23,5,30,'2019-02-16 00:25:32','2019-02-16 00:25:32',NULL),(98,23,6,30,'2019-02-16 00:25:32','2019-02-16 00:25:32',NULL),(117,22,1,45,'2019-02-16 03:05:04','2019-02-16 03:06:20','2019-02-16 03:06:20'),(118,22,1,60,'2019-02-16 03:05:04','2019-02-16 03:06:20','2019-02-16 03:06:20'),(119,22,1,65,'2019-02-16 03:05:04','2019-02-16 03:06:20','2019-02-16 03:06:20'),(120,22,1,73,'2019-02-16 03:05:04','2019-02-16 03:06:20','2019-02-16 03:06:20'),(121,22,1,88,'2019-02-16 03:05:04','2019-02-16 03:06:20','2019-02-16 03:06:20'),(122,22,1,80,'2019-02-16 03:05:04','2019-02-16 03:06:20','2019-02-16 03:06:20'),(123,22,1,45,'2019-02-16 03:06:20','2019-02-16 03:06:51','2019-02-16 03:06:51'),(124,22,1,60,'2019-02-16 03:06:20','2019-02-16 03:06:51','2019-02-16 03:06:51'),(125,22,1,65,'2019-02-16 03:06:20','2019-02-16 03:06:51','2019-02-16 03:06:51'),(126,22,1,73,'2019-02-16 03:06:20','2019-02-16 03:06:51','2019-02-16 03:06:51'),(127,22,1,88,'2019-02-16 03:06:20','2019-02-16 03:06:51','2019-02-16 03:06:51'),(128,22,1,80,'2019-02-16 03:06:20','2019-02-16 03:06:51','2019-02-16 03:06:51'),(129,22,1,50,'2019-02-16 03:06:51','2019-02-16 03:07:22','2019-02-16 03:07:22'),(130,22,1,60,'2019-02-16 03:06:51','2019-02-16 03:07:22','2019-02-16 03:07:22'),(131,22,1,65,'2019-02-16 03:06:51','2019-02-16 03:07:22','2019-02-16 03:07:22'),(132,22,1,73,'2019-02-16 03:06:51','2019-02-16 03:07:22','2019-02-16 03:07:22'),(133,22,1,88,'2019-02-16 03:06:51','2019-02-16 03:07:22','2019-02-16 03:07:22'),(134,22,1,80,'2019-02-16 03:06:51','2019-02-16 03:07:22','2019-02-16 03:07:22'),(135,22,1,50,'2019-02-16 03:07:22','2019-02-16 03:07:37','2019-02-16 03:07:37'),(136,22,1,60,'2019-02-16 03:07:22','2019-02-16 03:07:37','2019-02-16 03:07:37'),(137,22,1,65,'2019-02-16 03:07:22','2019-02-16 03:07:37','2019-02-16 03:07:37'),(138,22,1,73,'2019-02-16 03:07:22','2019-02-16 03:07:37','2019-02-16 03:07:37'),(139,22,1,88,'2019-02-16 03:07:22','2019-02-16 03:07:37','2019-02-16 03:07:37'),(140,22,1,80,'2019-02-16 03:07:22','2019-02-16 03:07:37','2019-02-16 03:07:37'),(141,22,1,50,'2019-02-16 03:07:37','2019-02-16 03:07:50','2019-02-16 03:07:50'),(142,22,1,60,'2019-02-16 03:07:37','2019-02-16 03:07:50','2019-02-16 03:07:50'),(143,22,1,65,'2019-02-16 03:07:37','2019-02-16 03:07:50','2019-02-16 03:07:50'),(144,22,1,73,'2019-02-16 03:07:37','2019-02-16 03:07:50','2019-02-16 03:07:50'),(145,22,1,88,'2019-02-16 03:07:37','2019-02-16 03:07:50','2019-02-16 03:07:50'),(146,22,1,80,'2019-02-16 03:07:37','2019-02-16 03:07:50','2019-02-16 03:07:50'),(147,22,1,50,'2019-02-16 03:07:50','2019-02-18 19:56:29','2019-02-18 19:56:29'),(148,22,1,60,'2019-02-16 03:07:50','2019-02-18 19:56:29','2019-02-18 19:56:29'),(149,22,1,65,'2019-02-16 03:07:50','2019-02-18 19:56:29','2019-02-18 19:56:29'),(150,22,1,73,'2019-02-16 03:07:50','2019-02-18 19:56:29','2019-02-18 19:56:29'),(151,22,1,88,'2019-02-16 03:07:50','2019-02-18 19:56:29','2019-02-18 19:56:29'),(152,22,1,80,'2019-02-16 03:07:50','2019-02-18 19:56:29','2019-02-18 19:56:29'),(153,22,1,50,'2019-02-18 19:56:29','2019-02-19 01:29:58','2019-02-19 01:29:58'),(154,22,2,60,'2019-02-18 19:56:29','2019-02-19 01:29:58','2019-02-19 01:29:58'),(155,22,3,65,'2019-02-18 19:56:29','2019-02-19 01:29:58','2019-02-19 01:29:58'),(156,22,4,73,'2019-02-18 19:56:29','2019-02-19 01:29:58','2019-02-19 01:29:58'),(157,22,5,88,'2019-02-18 19:56:29','2019-02-19 01:29:58','2019-02-19 01:29:58'),(158,22,6,80,'2019-02-18 19:56:29','2019-02-19 01:29:58','2019-02-19 01:29:58'),(159,27,1,30,'2019-02-18 21:36:26','2019-02-18 21:36:26',NULL),(160,27,2,30,'2019-02-18 21:36:26','2019-02-18 21:36:26',NULL),(161,27,3,30,'2019-02-18 21:36:26','2019-02-18 21:36:26',NULL),(162,27,4,30,'2019-02-18 21:36:26','2019-02-18 21:36:26',NULL),(163,27,5,30,'2019-02-18 21:36:26','2019-02-18 21:36:26',NULL),(164,27,6,30,'2019-02-18 21:36:26','2019-02-18 21:36:26',NULL),(165,22,1,50,'2019-02-19 01:29:58','2019-02-19 01:33:01','2019-02-19 01:33:01'),(166,22,2,60,'2019-02-19 01:29:58','2019-02-19 01:33:01','2019-02-19 01:33:01'),(167,22,3,65,'2019-02-19 01:29:58','2019-02-19 01:33:01','2019-02-19 01:33:01'),(168,22,4,73,'2019-02-19 01:29:58','2019-02-19 01:33:01','2019-02-19 01:33:01'),(169,22,5,88,'2019-02-19 01:29:58','2019-02-19 01:33:01','2019-02-19 01:33:01'),(170,22,6,80,'2019-02-19 01:29:58','2019-02-19 01:33:01','2019-02-19 01:33:01'),(171,22,1,50,'2019-02-19 01:33:01','2019-02-19 01:43:28','2019-02-19 01:43:28'),(172,22,2,60,'2019-02-19 01:33:01','2019-02-19 01:43:28','2019-02-19 01:43:28'),(173,22,3,65,'2019-02-19 01:33:01','2019-02-19 01:43:28','2019-02-19 01:43:28'),(174,22,4,73,'2019-02-19 01:33:01','2019-02-19 01:43:28','2019-02-19 01:43:28'),(175,22,5,88,'2019-02-19 01:33:01','2019-02-19 01:43:28','2019-02-19 01:43:28'),(176,22,6,80,'2019-02-19 01:33:01','2019-02-19 01:43:28','2019-02-19 01:43:28'),(177,22,1,50,'2019-02-19 01:43:28','2019-02-19 01:44:22','2019-02-19 01:44:22'),(178,22,2,60,'2019-02-19 01:43:28','2019-02-19 01:44:22','2019-02-19 01:44:22'),(179,22,3,65,'2019-02-19 01:43:28','2019-02-19 01:44:22','2019-02-19 01:44:22'),(180,22,4,73,'2019-02-19 01:43:28','2019-02-19 01:44:22','2019-02-19 01:44:22'),(181,22,5,88,'2019-02-19 01:43:28','2019-02-19 01:44:22','2019-02-19 01:44:22'),(182,22,1,50,'2019-02-19 01:44:22','2019-02-19 01:44:47','2019-02-19 01:44:47'),(183,22,2,60,'2019-02-19 01:44:22','2019-02-19 01:44:47','2019-02-19 01:44:47'),(184,22,3,65,'2019-02-19 01:44:22','2019-02-19 01:44:47','2019-02-19 01:44:47'),(185,22,4,73,'2019-02-19 01:44:22','2019-02-19 01:44:47','2019-02-19 01:44:47'),(186,22,1,50,'2019-02-19 01:44:47','2019-02-19 01:45:24','2019-02-19 01:45:24'),(187,22,2,60,'2019-02-19 01:44:47','2019-02-19 01:45:24','2019-02-19 01:45:24'),(188,22,3,65,'2019-02-19 01:44:47','2019-02-19 01:45:24','2019-02-19 01:45:24'),(189,22,1,50,'2019-02-19 01:45:24','2019-02-19 01:47:41','2019-02-19 01:47:41'),(190,22,2,60,'2019-02-19 01:45:24','2019-02-19 01:47:41','2019-02-19 01:47:41'),(191,22,3,65,'2019-02-19 01:45:24','2019-02-19 01:47:41','2019-02-19 01:47:41'),(192,22,4,73,'2019-02-19 01:45:24','2019-02-19 01:47:41','2019-02-19 01:47:41'),(193,22,5,88,'2019-02-19 01:45:24','2019-02-19 01:47:41','2019-02-19 01:47:41'),(194,22,6,80,'2019-02-19 01:45:24','2019-02-19 01:47:41','2019-02-19 01:47:41'),(195,22,1,50,'2019-02-19 01:47:41','2019-02-19 01:48:40','2019-02-19 01:48:40'),(196,22,2,60,'2019-02-19 01:47:41','2019-02-19 01:48:40','2019-02-19 01:48:40'),(197,22,3,65,'2019-02-19 01:47:41','2019-02-19 01:48:40','2019-02-19 01:48:40'),(198,22,4,73,'2019-02-19 01:47:41','2019-02-19 01:48:40','2019-02-19 01:48:40'),(199,22,5,88,'2019-02-19 01:47:41','2019-02-19 01:48:40','2019-02-19 01:48:40'),(200,22,6,80,'2019-02-19 01:47:41','2019-02-19 01:48:40','2019-02-19 01:48:40'),(201,22,1,51,'2019-02-19 01:48:40','2019-02-19 01:49:41','2019-02-19 01:49:41'),(202,22,2,61,'2019-02-19 01:48:40','2019-02-19 01:49:41','2019-02-19 01:49:41'),(203,22,3,66,'2019-02-19 01:48:40','2019-02-19 01:49:41','2019-02-19 01:49:41'),(204,22,4,73,'2019-02-19 01:48:40','2019-02-19 01:49:41','2019-02-19 01:49:41'),(205,22,5,88,'2019-02-19 01:48:40','2019-02-19 01:49:41','2019-02-19 01:49:41'),(206,22,6,80,'2019-02-19 01:48:40','2019-02-19 01:49:41','2019-02-19 01:49:41'),(207,22,7,90,'2019-02-19 01:48:40','2019-02-19 01:49:41','2019-02-19 01:49:41'),(208,22,1,51,'2019-02-19 01:49:41','2019-02-19 01:49:41',NULL),(209,22,2,61,'2019-02-19 01:49:41','2019-02-19 01:49:41',NULL),(210,22,3,66,'2019-02-19 01:49:41','2019-02-19 01:49:41',NULL),(211,22,4,73,'2019-02-19 01:49:41','2019-02-19 01:49:41',NULL),(212,22,5,88,'2019-02-19 01:49:41','2019-02-19 01:49:41',NULL),(213,22,6,80,'2019-02-19 01:49:41','2019-02-19 01:49:41',NULL),(214,8,1,180,'2019-02-19 02:18:23','2019-02-19 02:20:13','2019-02-19 02:20:13'),(215,8,1,180,'2019-02-19 02:20:13','2019-02-19 02:20:42','2019-02-19 02:20:42'),(216,8,1,30,'2019-02-19 02:20:42','2019-02-19 02:20:42',NULL),(217,8,2,35,'2019-02-19 02:20:42','2019-02-19 02:20:42',NULL),(218,8,3,35,'2019-02-19 02:20:42','2019-02-19 02:20:42',NULL),(219,8,4,46,'2019-02-19 02:20:42','2019-02-19 02:20:42',NULL),(220,8,5,50,'2019-02-19 02:20:42','2019-02-19 02:20:42',NULL),(221,8,6,40,'2019-02-19 02:20:42','2019-02-19 02:20:42',NULL),(222,28,1,224,'2019-02-19 02:38:57','2019-02-19 02:44:16','2019-02-19 02:44:16'),(223,28,2,133,'2019-02-19 02:38:57','2019-02-19 02:44:16','2019-02-19 02:44:16'),(224,28,3,94,'2019-02-19 02:38:57','2019-02-19 02:44:16','2019-02-19 02:44:16'),(225,28,4,136,'2019-02-19 02:38:57','2019-02-19 02:44:16','2019-02-19 02:44:16'),(226,28,5,246,'2019-02-19 02:38:57','2019-02-19 02:44:16','2019-02-19 02:44:16'),(227,28,6,337,'2019-02-19 02:38:57','2019-02-19 02:44:16','2019-02-19 02:44:16'),(228,28,1,224,'2019-02-19 02:44:16','2019-02-19 02:44:16',NULL),(229,28,2,133,'2019-02-19 02:44:16','2019-02-19 02:44:16',NULL),(230,28,3,94,'2019-02-19 02:44:16','2019-02-19 02:44:16',NULL),(231,28,4,136,'2019-02-19 02:44:16','2019-02-19 02:44:16',NULL),(232,28,5,246,'2019-02-19 02:44:16','2019-02-19 02:44:16',NULL),(233,28,6,337,'2019-02-19 02:44:16','2019-02-19 02:44:16',NULL),(234,29,1,30,'2019-02-19 23:10:13','2019-02-19 23:10:13',NULL),(235,29,2,34,'2019-02-19 23:10:13','2019-02-19 23:10:13',NULL),(236,29,3,35,'2019-02-19 23:10:13','2019-02-19 23:10:13',NULL),(237,29,4,45,'2019-02-19 23:10:13','2019-02-19 23:10:13',NULL),(238,29,5,40,'2019-02-19 23:10:13','2019-02-19 23:10:13',NULL),(239,29,6,50,'2019-02-19 23:10:13','2019-02-19 23:10:13',NULL),(240,29,7,482,'2019-02-19 23:10:13','2019-02-19 23:10:13',NULL),(241,30,1,75,'2019-02-19 23:38:09','2019-02-19 23:38:09',NULL),(242,30,2,60,'2019-02-19 23:38:09','2019-02-19 23:38:09',NULL),(243,30,3,69,'2019-02-19 23:38:09','2019-02-19 23:38:09',NULL),(244,30,4,72,'2019-02-19 23:38:09','2019-02-19 23:38:09',NULL),(245,30,5,66,'2019-02-19 23:38:09','2019-02-19 23:38:09',NULL),(246,31,1,114,'2019-02-24 02:56:16','2019-02-24 02:56:16',NULL),(247,31,2,123,'2019-02-24 02:56:16','2019-02-24 02:56:16',NULL),(248,31,3,130,'2019-02-24 02:56:16','2019-02-24 02:56:16',NULL),(249,31,4,150,'2019-02-24 02:56:16','2019-02-24 02:56:16',NULL),(250,31,5,174,'2019-02-24 02:56:16','2019-02-24 02:56:16',NULL),(251,31,6,165,'2019-02-24 02:56:16','2019-02-24 02:56:16',NULL),(252,32,1,150,'2019-02-24 03:01:56','2019-02-24 03:01:56',NULL),(253,32,2,150,'2019-02-24 03:01:56','2019-02-24 03:01:56',NULL),(254,32,3,150,'2019-02-24 03:01:56','2019-02-24 03:01:56',NULL),(255,32,4,150,'2019-02-24 03:01:56','2019-02-24 03:01:56',NULL),(256,32,5,150,'2019-02-24 03:01:56','2019-02-24 03:01:56',NULL),(257,32,6,150,'2019-02-24 03:01:56','2019-02-24 03:01:56',NULL),(258,33,1,600,'2019-02-24 03:10:03','2019-02-24 03:43:36','2019-02-24 03:43:36'),(259,33,1,50,'2019-02-24 03:43:36','2019-02-24 03:44:00','2019-02-24 03:44:00'),(260,33,2,45,'2019-02-24 03:43:36','2019-02-24 03:44:00','2019-02-24 03:44:00'),(261,33,3,38,'2019-02-24 03:43:36','2019-02-24 03:44:00','2019-02-24 03:44:00'),(262,33,4,35,'2019-02-24 03:43:36','2019-02-24 03:44:00','2019-02-24 03:44:00'),(263,33,5,34,'2019-02-24 03:43:36','2019-02-24 03:44:00','2019-02-24 03:44:00'),(264,33,6,38,'2019-02-24 03:43:36','2019-02-24 03:44:00','2019-02-24 03:44:00'),(265,33,1,0,'2019-02-24 03:44:00','2019-02-24 03:49:28','2019-02-24 03:49:28'),(266,33,2,0,'2019-02-24 03:44:00','2019-02-24 03:49:28','2019-02-24 03:49:28'),(267,33,3,0,'2019-02-24 03:44:00','2019-02-24 03:49:28','2019-02-24 03:49:28'),(268,33,4,0,'2019-02-24 03:44:00','2019-02-24 03:49:28','2019-02-24 03:49:28'),(269,33,5,0,'2019-02-24 03:44:00','2019-02-24 03:49:28','2019-02-24 03:49:28'),(270,33,6,0,'2019-02-24 03:44:00','2019-02-24 03:49:28','2019-02-24 03:49:28'),(271,33,1,0,'2019-02-24 03:49:28','2019-02-24 03:49:49','2019-02-24 03:49:49'),(272,33,2,0,'2019-02-24 03:49:28','2019-02-24 03:49:49','2019-02-24 03:49:49'),(273,33,3,0,'2019-02-24 03:49:28','2019-02-24 03:49:49','2019-02-24 03:49:49'),(274,33,4,0,'2019-02-24 03:49:28','2019-02-24 03:49:49','2019-02-24 03:49:49'),(275,33,5,0,'2019-02-24 03:49:28','2019-02-24 03:49:49','2019-02-24 03:49:49'),(276,33,6,0,'2019-02-24 03:49:28','2019-02-24 03:49:49','2019-02-24 03:49:49'),(277,33,1,0,'2019-02-24 03:49:49','2019-02-24 03:50:54','2019-02-24 03:50:54'),(278,33,2,0,'2019-02-24 03:49:49','2019-02-24 03:50:54','2019-02-24 03:50:54'),(279,33,3,0,'2019-02-24 03:49:49','2019-02-24 03:50:54','2019-02-24 03:50:54'),(280,33,4,0,'2019-02-24 03:49:49','2019-02-24 03:50:54','2019-02-24 03:50:54'),(281,33,5,0,'2019-02-24 03:49:49','2019-02-24 03:50:54','2019-02-24 03:50:54'),(282,33,6,0,'2019-02-24 03:49:49','2019-02-24 03:50:54','2019-02-24 03:50:54'),(283,33,1,0,'2019-02-24 03:50:54','2019-02-24 03:53:58','2019-02-24 03:53:58'),(284,33,2,0,'2019-02-24 03:50:54','2019-02-24 03:53:58','2019-02-24 03:53:58'),(285,33,3,0,'2019-02-24 03:50:54','2019-02-24 03:53:58','2019-02-24 03:53:58'),(286,33,4,0,'2019-02-24 03:50:54','2019-02-24 03:53:58','2019-02-24 03:53:58'),(287,33,5,0,'2019-02-24 03:50:54','2019-02-24 03:53:58','2019-02-24 03:53:58'),(288,33,6,0,'2019-02-24 03:50:54','2019-02-24 03:53:58','2019-02-24 03:53:58'),(289,33,1,50,'2019-02-24 03:53:58','2019-02-24 04:16:05','2019-02-24 04:16:05'),(290,33,2,45,'2019-02-24 03:53:58','2019-02-24 04:16:05','2019-02-24 04:16:05'),(291,33,3,38,'2019-02-24 03:53:58','2019-02-24 04:16:05','2019-02-24 04:16:05'),(292,33,4,35,'2019-02-24 03:53:58','2019-02-24 04:16:05','2019-02-24 04:16:05'),(293,33,5,34,'2019-02-24 03:53:58','2019-02-24 04:16:05','2019-02-24 04:16:05'),(294,33,6,38,'2019-02-24 03:53:58','2019-02-24 04:16:05','2019-02-24 04:16:05'),(295,33,1,95,'2019-02-24 04:16:05','2019-02-24 04:16:05',NULL),(296,33,2,73,'2019-02-24 04:16:05','2019-02-24 04:16:05',NULL),(297,33,3,72,'2019-02-24 04:16:05','2019-02-24 04:16:05',NULL),(298,34,1,122,'2019-02-25 23:30:27','2019-02-25 23:30:27',NULL),(299,34,2,129,'2019-02-25 23:30:27','2019-02-25 23:30:27',NULL),(300,34,3,135,'2019-02-25 23:30:27','2019-02-25 23:30:27',NULL),(301,34,4,135,'2019-02-25 23:30:27','2019-02-25 23:30:27',NULL),(302,34,5,140,'2019-02-25 23:30:27','2019-02-25 23:30:27',NULL),(303,34,6,144,'2019-02-25 23:30:27','2019-02-25 23:30:27',NULL),(304,35,1,125,'2019-02-26 21:08:48','2019-02-26 21:08:48',NULL),(305,35,2,127,'2019-02-26 21:08:48','2019-02-26 21:08:48',NULL),(306,35,3,137,'2019-02-26 21:08:48','2019-02-26 21:08:48',NULL),(307,35,4,138,'2019-02-26 21:08:48','2019-02-26 21:08:48',NULL),(308,35,5,132,'2019-02-26 21:08:48','2019-02-26 21:08:48',NULL),(309,36,1,211,'2019-03-04 15:17:40','2019-03-04 15:18:44','2019-03-04 15:18:44'),(310,36,2,480,'2019-03-04 15:17:40','2019-03-04 15:18:44','2019-03-04 15:18:44'),(311,36,3,720,'2019-03-04 15:17:40','2019-03-04 15:18:44','2019-03-04 15:18:44'),(312,36,1,211,'2019-03-04 15:18:44','2019-03-04 15:18:44',NULL),(313,36,2,269,'2019-03-04 15:18:44','2019-03-04 15:18:44',NULL),(314,36,3,240,'2019-03-04 15:18:44','2019-03-04 15:18:44',NULL),(315,37,1,302,'2019-03-05 19:26:56','2019-03-05 19:26:56',NULL),(316,37,2,339,'2019-03-05 19:26:56','2019-03-05 19:26:56',NULL),(317,37,3,327,'2019-03-05 19:26:56','2019-03-05 19:26:56',NULL),(318,38,1,205,'2019-03-11 14:54:13','2019-03-27 00:02:28','2019-03-27 00:02:28'),(319,38,2,217,'2019-03-11 14:54:13','2019-03-27 00:02:28','2019-03-27 00:02:28'),(320,38,3,178,'2019-03-11 14:54:13','2019-03-27 00:02:28','2019-03-27 00:02:28'),(321,38,1,205,'2019-03-27 00:02:28','2019-03-27 00:02:28',NULL),(322,38,2,217,'2019-03-27 00:02:28','2019-03-27 00:02:28',NULL),(323,38,3,178,'2019-03-27 00:02:28','2019-03-27 00:02:28',NULL),(324,39,1,32,'2019-04-11 23:56:56','2019-04-11 23:57:35','2019-04-11 23:57:35'),(325,39,1,32,'2019-04-11 23:57:35','2019-04-12 00:07:47','2019-04-12 00:07:47'),(326,39,1,32,'2019-04-12 00:07:47','2019-04-12 00:07:47',NULL),(327,40,1,1403,'2019-04-12 00:10:01','2019-04-12 00:10:01',NULL),(328,41,1,1954,'2019-04-12 00:11:13','2019-04-12 00:11:13',NULL);
/*!40000 ALTER TABLE `scores` ENABLE KEYS */;
UNLOCK TABLES;

--
-- Table structure for table `users`
--

DROP TABLE IF EXISTS `users`;
/*!40101 SET @saved_cs_client     = @@character_set_client */;
/*!40101 SET character_set_client = utf8 */;
CREATE TABLE `users` (
  `id` int(10) unsigned NOT NULL AUTO_INCREMENT,
  `name` varchar(255) COLLATE utf8mb4_unicode_ci NOT NULL,
  `email` varchar(255) COLLATE utf8mb4_unicode_ci NOT NULL,
  `birthdate` date NOT NULL,
  `password` varchar(255) COLLATE utf8mb4_unicode_ci NOT NULL,
  `gender_id` int(10) unsigned NOT NULL,
  `remember_token` varchar(100) COLLATE utf8mb4_unicode_ci DEFAULT NULL,
  `created_at` timestamp NULL DEFAULT NULL,
  `updated_at` timestamp NULL DEFAULT NULL,
  `deleted_at` timestamp NULL DEFAULT NULL,
  PRIMARY KEY (`id`),
  UNIQUE KEY `users_email_unique` (`email`),
  KEY `users_gender_id_foreign` (`gender_id`),
  CONSTRAINT `users_gender_id_foreign` FOREIGN KEY (`gender_id`) REFERENCES `genders` (`id`)
) ENGINE=InnoDB AUTO_INCREMENT=3 DEFAULT CHARSET=utf8mb4 COLLATE=utf8mb4_unicode_ci;
/*!40101 SET character_set_client = @saved_cs_client */;

--
-- Dumping data for table `users`
--

LOCK TABLES `users` WRITE;
/*!40000 ALTER TABLE `users` DISABLE KEYS */;
INSERT INTO `users` VALUES (1,'Diego Mena','dieguito.mena@gmail.com','1994-04-12','$2y$10$ixkX/9gSl8xLjIjN5P//aOCz6P0aQ8UIFzArv9/eYF8hBKl.8CITm',1,'xU6yjzLyaqrYOKfTQsvPmNy4D32u52lnA8vcN93migtyCXKT531mJxTC7Jpm','2019-01-03 00:00:00','2019-01-29 18:42:20',NULL),(2,'Diego Mena','dieguito.mena.chile@gmail.com','1994-04-12','$2y$10$1qLFICJAuCVlhYLUDzRfxOZmILe44C1wfE.Qop9ymH/OphlNg97zi',1,'JSzEcHVgsRJFkAkGDsWne4mI329Do9UYfwlTGExVe3N41RJTJh7FWBtCHtxK','2019-01-15 20:56:30','2019-01-15 20:58:37',NULL);
/*!40000 ALTER TABLE `users` ENABLE KEYS */;
UNLOCK TABLES;

--
-- Table structure for table `users_wods`
--

DROP TABLE IF EXISTS `users_wods`;
/*!40101 SET @saved_cs_client     = @@character_set_client */;
/*!40101 SET character_set_client = utf8 */;
CREATE TABLE `users_wods` (
  `id` int(10) unsigned NOT NULL AUTO_INCREMENT,
  `user_id` int(10) unsigned NOT NULL,
  `wod_id` int(10) unsigned NOT NULL,
  `lat` double DEFAULT NULL,
  `lon` double DEFAULT NULL,
  `temp` double DEFAULT NULL,
  `humidity` double DEFAULT NULL,
  `created_at` timestamp NULL DEFAULT NULL,
  `updated_at` timestamp NULL DEFAULT NULL,
  `deleted_at` timestamp NULL DEFAULT NULL,
  `observations` text COLLATE utf8mb4_unicode_ci,
  PRIMARY KEY (`id`),
  KEY `users_wods_user_id_foreign` (`user_id`),
  KEY `users_wods_wod_id_foreign` (`wod_id`),
  CONSTRAINT `users_wods_user_id_foreign` FOREIGN KEY (`user_id`) REFERENCES `users` (`id`),
  CONSTRAINT `users_wods_wod_id_foreign` FOREIGN KEY (`wod_id`) REFERENCES `wods` (`id`)
) ENGINE=InnoDB AUTO_INCREMENT=42 DEFAULT CHARSET=utf8mb4 COLLATE=utf8mb4_unicode_ci;
/*!40101 SET character_set_client = @saved_cs_client */;

--
-- Dumping data for table `users_wods`
--

LOCK TABLES `users_wods` WRITE;
/*!40000 ALTER TABLE `users_wods` DISABLE KEYS */;
INSERT INTO `users_wods` VALUES (1,1,1,NULL,NULL,NULL,NULL,'2019-01-03 00:00:00',NULL,NULL,NULL),(2,1,2,NULL,NULL,NULL,NULL,'2019-01-03 00:00:00',NULL,NULL,NULL),(3,1,2,NULL,NULL,NULL,NULL,'2019-01-03 00:00:00',NULL,NULL,NULL),(8,1,2,NULL,NULL,NULL,NULL,'2019-01-04 23:01:07','2019-02-19 02:20:42',NULL,'Los intervalos son cada 5 reps.'),(10,1,13,NULL,NULL,NULL,NULL,'2019-01-11 03:33:19','2019-01-11 03:33:19',NULL,NULL),(12,1,13,NULL,NULL,NULL,NULL,'2019-01-22 15:18:01','2019-01-22 15:18:01',NULL,NULL),(13,1,13,NULL,NULL,NULL,NULL,'2019-01-29 15:14:16','2019-01-29 15:16:54','2019-01-29 15:16:54',NULL),(14,1,13,NULL,NULL,NULL,NULL,'2019-01-29 15:19:01','2019-01-29 15:19:16','2019-01-29 15:19:16',NULL),(15,1,13,NULL,NULL,NULL,NULL,'2019-01-29 15:20:04','2019-01-29 20:13:40','2019-01-29 20:13:40',NULL),(16,1,13,NULL,NULL,NULL,NULL,'2019-01-29 20:14:19','2019-01-29 20:30:24','2019-01-29 20:30:24',NULL),(17,1,13,NULL,NULL,NULL,NULL,'2019-01-29 20:30:40','2019-01-29 20:31:11','2019-01-29 20:31:11',NULL),(18,1,1,NULL,NULL,NULL,NULL,'2019-02-05 01:40:25','2019-02-05 01:40:25',NULL,'Los intervalos son cada 5 minutos'),(19,1,13,NULL,NULL,NULL,NULL,'2019-02-05 02:17:05','2019-02-05 02:17:05',NULL,'Intervals are per round'),(20,1,16,NULL,NULL,NULL,NULL,'2019-02-08 20:48:18','2019-02-08 20:48:18',NULL,'Los intervalos son por ronda.\nTodo UB la primera y segunda ronda, y luego los CTB 8-2 y FSQ 6-4'),(21,1,17,NULL,NULL,NULL,NULL,'2019-02-08 21:12:00','2019-02-08 21:12:00',NULL,'Los intervalos son por movimiento.\nLos snatchs de a 1.'),(22,1,18,NULL,NULL,NULL,NULL,'2019-02-11 00:10:17','2019-02-19 01:48:40',NULL,'Los intervalos con cada 5 reps.'),(23,1,2,NULL,NULL,NULL,NULL,'2019-02-16 00:25:32','2019-02-18 19:57:12','2019-02-18 19:57:12',NULL),(27,1,19,NULL,NULL,NULL,NULL,'2019-02-18 21:36:26','2019-02-18 21:37:22','2019-02-18 21:37:22',NULL),(28,1,20,NULL,NULL,NULL,NULL,'2019-02-19 02:38:57','2019-02-19 02:38:57',NULL,'Primer intervalo Wall Ball\nSegundo intervalo Remo\nLos otros intervalos son las rondas de 6 - 9 - 12 - 15 respectivamente'),(29,1,22,NULL,NULL,NULL,NULL,'2019-02-19 23:10:13','2019-02-19 23:13:35','2019-02-19 23:13:35',NULL),(30,1,23,NULL,NULL,NULL,NULL,'2019-02-19 23:38:09','2019-02-19 23:38:09',NULL,'1 min de descanso entre ronda.'),(31,1,24,NULL,NULL,NULL,NULL,'2019-02-24 02:56:16','2019-02-24 02:56:16',NULL,'WB 10 - 9 las 4 primeras rondas. Luego como salieran xD'),(32,1,25,NULL,NULL,NULL,NULL,'2019-02-24 03:01:56','2019-02-24 03:02:19','2019-02-24 03:02:19',NULL),(33,1,25,NULL,NULL,NULL,NULL,'2019-02-24 03:10:03','2019-02-24 04:16:05',NULL,'Los intervalos son cada 5 mins.'),(34,1,24,NULL,NULL,NULL,NULL,'2019-02-25 23:30:27','2019-02-25 23:30:27',NULL,NULL),(35,1,26,NULL,NULL,NULL,NULL,'2019-02-26 21:08:48','2019-02-26 21:08:48',NULL,'Todo UB.\nCada ronda es dentro de 4 minutos.'),(36,1,27,NULL,NULL,NULL,NULL,'2019-03-04 15:17:40','2019-03-04 15:17:40',NULL,'Llegué hasta 2 cleans a 225.\nLos intervalos son despues de los cleans'),(37,1,28,NULL,NULL,NULL,NULL,'2019-03-05 19:26:56','2019-03-05 19:26:56',NULL,'Los intervalos son por ronda.'),(38,1,29,NULL,NULL,NULL,NULL,'2019-03-11 14:54:13','2019-03-27 00:02:28',NULL,'15 HSPU\nLos intervalos son por movimiento'),(39,1,30,NULL,NULL,NULL,NULL,'2019-04-11 23:56:56','2019-04-12 00:09:03','2019-04-12 00:09:03',NULL),(40,1,31,NULL,NULL,NULL,NULL,'2019-04-12 00:10:01','2019-04-12 00:10:06','2019-04-12 00:10:06',NULL),(41,1,32,NULL,NULL,NULL,NULL,'2019-04-12 00:11:13','2019-04-12 00:11:36','2019-04-12 00:11:36',NULL);
/*!40000 ALTER TABLE `users_wods` ENABLE KEYS */;
UNLOCK TABLES;

--
-- Table structure for table `wods`
--

DROP TABLE IF EXISTS `wods`;
/*!40101 SET @saved_cs_client     = @@character_set_client */;
/*!40101 SET character_set_client = utf8 */;
CREATE TABLE `wods` (
  `id` int(10) unsigned NOT NULL AUTO_INCREMENT,
  `name` varchar(255) COLLATE utf8mb4_unicode_ci NOT NULL,
  `created_by` int(10) unsigned DEFAULT NULL,
  `rounds` int(11) DEFAULT NULL,
  `time_cap` int(11) DEFAULT NULL,
  `created_at` timestamp NULL DEFAULT NULL,
  `updated_at` timestamp NULL DEFAULT NULL,
  `deleted_at` timestamp NULL DEFAULT NULL,
  PRIMARY KEY (`id`),
  KEY `wods_created_by_foreign` (`created_by`),
  CONSTRAINT `wods_created_by_foreign` FOREIGN KEY (`created_by`) REFERENCES `users` (`id`)
) ENGINE=InnoDB AUTO_INCREMENT=33 DEFAULT CHARSET=utf8mb4 COLLATE=utf8mb4_unicode_ci;
/*!40101 SET character_set_client = @saved_cs_client */;

--
-- Dumping data for table `wods`
--

LOCK TABLES `wods` WRITE;
/*!40000 ALTER TABLE `wods` DISABLE KEYS */;
INSERT INTO `wods` VALUES (1,'Cindy',NULL,NULL,1200,'2019-01-03 00:00:00',NULL,NULL),(2,'Grace',NULL,1,NULL,'2019-01-03 00:00:00','2019-02-19 02:18:23',NULL),(13,'DT (Scaled)',1,5,NULL,'2019-01-11 03:33:19','2019-01-11 03:33:19',NULL),(16,'CTB, FSQ, Burpees',1,3,NULL,'2019-02-08 20:48:18','2019-02-08 20:48:18',NULL),(17,'Burpees, Snatch, Burpees',1,1,720,'2019-02-08 21:12:00','2019-02-08 21:12:00',NULL),(18,'185/135 Isabel',1,1,0,'2019-02-11 00:10:17','2019-02-19 01:49:41',NULL),(19,'Grace',1,1,0,'2019-02-18 21:36:26','2019-02-18 21:36:26',NULL),(20,'18 Febrero 2019',1,1,0,'2019-02-19 02:38:56','2019-02-19 02:38:56',NULL),(22,'Run Grace Run',1,1,0,'2019-02-19 23:10:13','2019-02-19 23:10:13',NULL),(23,'19 Febrero 2019',1,5,NULL,'2019-02-19 23:38:09','2019-02-19 23:38:09',NULL),(24,'Crossfit Open 19.1 (Rounds)',1,6,NULL,'2019-02-24 02:56:16','2019-02-24 02:56:16',NULL),(25,'Crossfit Open 19.1',1,NULL,900,'2019-02-24 03:01:56','2019-02-24 03:53:58',NULL),(26,'26 Febrero 2019',1,5,NULL,'2019-02-26 21:08:48','2019-02-26 21:08:48',NULL),(27,'Crossfit Open 19.2 (3 rounds)',1,1,720,'2019-03-04 15:17:40','2019-03-04 15:17:40',NULL),(28,'3 Wheel Drive',1,3,NULL,'2019-03-05 19:26:56','2019-03-05 19:26:56',NULL),(29,'Crossfit Open 19.3',1,1,600,'2019-03-11 14:54:13','2019-03-11 14:54:13',NULL),(30,'testing',1,NULL,1413,'2019-04-11 23:56:55','2019-04-11 23:56:55',NULL),(31,'432',1,1,1963,'2019-04-12 00:10:01','2019-04-12 00:10:01',NULL),(32,'3234',1,1,1943,'2019-04-12 00:11:13','2019-04-12 00:11:13',NULL);
/*!40000 ALTER TABLE `wods` ENABLE KEYS */;
UNLOCK TABLES;
/*!40103 SET TIME_ZONE=@OLD_TIME_ZONE */;

/*!40101 SET SQL_MODE=@OLD_SQL_MODE */;
/*!40014 SET FOREIGN_KEY_CHECKS=@OLD_FOREIGN_KEY_CHECKS */;
/*!40014 SET UNIQUE_CHECKS=@OLD_UNIQUE_CHECKS */;
/*!40101 SET CHARACTER_SET_CLIENT=@OLD_CHARACTER_SET_CLIENT */;
/*!40101 SET CHARACTER_SET_RESULTS=@OLD_CHARACTER_SET_RESULTS */;
/*!40101 SET COLLATION_CONNECTION=@OLD_COLLATION_CONNECTION */;
/*!40111 SET SQL_NOTES=@OLD_SQL_NOTES */;

-- Dump completed on 2019-05-05  1:07:23
